,features,importance_vals
228,R-HSA-2871837,0.021410084486124106
342,R-HSA-2162123,0.021093320166692138
1,R-HSA-418594,0.020915945381420897
455,R-HSA-912526,0.020654178996337577
213,R-HSA-2132295,0.017484640150214545
247,R-HSA-3769402,0.01684776418376714
145,R-HSA-6782315,0.015390812451951206
215,R-HSA-983189,0.015161591413852876
144,R-HSA-3108214,0.015112081186452997
95,R-HSA-114604,0.015091072425129824
128,R-HSA-1482801,0.015086619404610247
97,R-HSA-1257604,0.01506506858713692
5,R-HSA-2565942,0.015042366765555926
88,R-HSA-202733,0.014885401984502096
556,R-HSA-69300,0.014721956464054529
52,R-HSA-380108,0.014618699643615401
268,R-HSA-202433,0.014495132587253465
387,R-HSA-449147,0.014303750120307086
430,R-HSA-166016,0.014207035444997018
421,R-HSA-933541,0.014180330500239506
311,R-HSA-2129379,0.014167076097655808
214,R-HSA-194840,0.014099179413169622
324,R-HSA-2500257,0.013591647759312764
226,R-HSA-2122947,0.013526313946349545
60,R-HSA-1236382,0.013367373837972991
446,R-HSA-168276,0.012619155713473447
211,R-HSA-1632852,0.012557884734123946
345,R-HSA-5389840,0.01221156605926808
433,R-HSA-1592389,0.011931531471782364
501,R-HSA-437239,0.01181754554010695
312,R-HSA-174800,0.011756297541724052
395,R-HSA-909733,0.01131910937550856
580,R-HSA-5358752,0.011130181836542762
472,R-HSA-68827,0.0110753599126474
152,R-HSA-181430,0.011054945978830801
68,R-HSA-390471,0.011037996542145266
569,R-HSA-5099900,0.010970101854763926
136,R-HSA-4419969,0.010914375642314553
538,R-HSA-389948,0.010905714453219844
320,R-HSA-204005,0.010675316739652772
196,R-HSA-167287,0.010568329394081956
532,R-HSA-202430,0.010385500029078685
338,R-HSA-5620916,0.010377086607622914
333,R-HSA-6788467,0.010314611585854436
323,R-HSA-69656,0.01022082616807893
118,R-HSA-418597,0.010116648200782946
282,R-HSA-432040,0.010013376677816268
111,R-HSA-5621575,0.00993318209948484
448,R-HSA-3301854,0.009900657172838691
105,R-HSA-389513,0.009880416746600531
329,R-HSA-2022870,0.00978808084561024
234,R-HSA-5684264,0.009732588648621459
561,R-HSA-5223345,0.009672992636988056
38,R-HSA-5693616,0.009599931304110213
117,R-HSA-400042,0.009349486058126785
294,R-HSA-174184,0.009289889858628157
208,R-HSA-76042,0.009212254299091
257,R-HSA-936440,0.009160363874252652
350,R-HSA-114508,0.00904090205745888
396,R-HSA-2514859,0.0089958619200479
447,R-HSA-180910,0.008835436405497603
471,R-HSA-5658442,0.008828280024899868
225,R-HSA-202424,0.00879212254239974
57,R-HSA-983695,0.00875305215777189
85,R-HSA-6782135,0.008636939092975809
127,R-HSA-1482788,0.008549425446544775
37,R-HSA-5693607,0.008534797604079358
223,R-HSA-187577,0.008501941367430845
43,R-HSA-72163,0.008461521546705627
50,R-HSA-5693579,0.008435306047394987
510,R-HSA-936964,0.008422200896893628
217,R-HSA-166208,0.008273264114977792
456,R-HSA-1482922,0.008261178045067936
132,R-HSA-381340,0.008256505899244076
549,R-HSA-354194,0.008251690178985882
143,R-HSA-499943,0.008195436499227072
426,R-HSA-4641263,0.008158987393035205
509,R-HSA-352230,0.008097735546907642
464,R-HSA-180585,0.008029305020463652
524,R-HSA-389957,0.007963273086061236
151,R-HSA-181429,0.007852250624855514
512,R-HSA-937072,0.007845582868903876
516,R-HSA-69205,0.007804252973000985
346,R-HSA-5419276,0.0077684329974727
517,R-HSA-166058,0.007737095058113255
6,R-HSA-380259,0.007715560657234164
304,R-HSA-1912408,0.007697582860200783
44,R-HSA-72187,0.007625187593221199
327,R-HSA-1483191,0.0076135389143018985
123,R-HSA-114608,0.007603192176029552
153,R-HSA-210500,0.007592867596722499
79,R-HSA-3214847,0.0075854817403887866
424,R-HSA-3000157,0.007531084375223145
269,R-HSA-2029482,0.007517263899499085
259,R-HSA-5668541,0.007488113401341252
432,R-HSA-166663,0.007476365177135449
3,R-HSA-418555,0.007463010217226156
14,R-HSA-1474228,0.007458134001426515
92,R-HSA-375276,0.007337411825428717
326,R-HSA-68877,0.007313476916897344
390,R-HSA-170822,0.007277620379318251
347,R-HSA-430039,0.0072556299246207346
394,R-HSA-379726,0.0071678936229727696
250,R-HSA-977068,0.0070522420038469135
417,R-HSA-1855204,0.007042900646629277
548,R-HSA-354192,0.007033780219098844
389,R-HSA-5423646,0.0069555865000438645
467,R-HSA-350562,0.006927124281355645
246,R-HSA-975957,0.006921076753314992
39,R-HSA-6783310,0.006873012558680784
11,R-HSA-5576893,0.006776796987887792
146,R-HSA-5358346,0.006673127626709174
174,R-HSA-73772,0.006666940420691389
242,R-HSA-2173788,0.00664908145859954
237,R-HSA-445989,0.006636114257998997
503,R-HSA-1660661,0.006632193099976575
142,R-HSA-179409,0.00662828910339158
544,R-HSA-373076,0.006625123154517496
290,R-HSA-174048,0.006556717232742812
166,R-HSA-6784531,0.006550255373804248
15,R-HSA-5173214,0.00653659326271736
94,R-HSA-456926,0.00653130704042269
289,R-HSA-141430,0.006480049526289804
554,R-HSA-68867,0.006418570242094575
180,R-HSA-76061,0.006403089328932765
74,R-HSA-212300,0.0063534483534022
183,R-HSA-112382,0.006282320273471669
574,R-HSA-3322077,0.006237290559583926
542,R-HSA-418217,0.006219625076437296
322,R-HSA-69273,0.006163733523105747
410,R-HSA-5693571,0.006144554938655347
514,R-HSA-3000170,0.006137655186321354
276,R-HSA-163560,0.006070207075390499
519,R-HSA-390522,0.005996241062093759
229,R-HSA-2894862,0.005951956765711657
476,R-HSA-69481,0.005938727451575687
576,R-HSA-5339716,0.005914570320092025
507,R-HSA-3232118,0.005843345863613649
262,R-HSA-975956,0.005832385787798557
295,R-HSA-176407,0.005798889824031903
479,R-HSA-156711,0.005789326202439042
49,R-HSA-5693568,0.00573715313905268
148,R-HSA-5678895,0.005725827987043885
313,R-HSA-418990,0.005723430188700149
209,R-HSA-77075,0.00569449268601602
412,R-HSA-2029485,0.005683911056530632
1036,hsa.mir.6793,0.005596422019298188
330,R-HSA-3560783,0.0055767136358190325
336,R-HSA-2022090,0.005571602535983402
124,R-HSA-381676,0.00556446451566444
266,R-HSA-2672351,0.005550854114553658
200,R-HSA-674695,0.005544897335057613
278,R-HSA-193368,0.005485757843998727
411,R-HSA-139853,0.00546931603224948
444,R-HSA-419037,0.005442564737822977
91,R-HSA-420029,0.0054288725692367736
98,R-HSA-1433557,0.005416047450853512
571,R-HSA-373752,0.005415285407234478
293,R-HSA-174178,0.0054018645334872415
413,R-HSA-2871809,0.005394882240652805
21,R-HSA-2142691,0.005383521848416422
756,hsa.mir.331,0.005361313108915055
309,R-HSA-1368108,0.0053537180238981815
299,R-HSA-2467813,0.005313541810210154
253,R-HSA-2032785,0.0052992531006748325
235,R-HSA-69231,0.00528461796042393
270,R-HSA-5663213,0.005275004422146594
288,R-HSA-70263,0.005260563449396614
271,R-HSA-201681,0.0052181741817912556
353,R-HSA-4641258,0.005214931661030277
58,R-HSA-5628897,0.005192128563667211
435,R-HSA-2426168,0.005174156614666572
265,R-HSA-191859,0.005163632598269032
1008,hsa.mir.658,0.005144684203305588
192,R-HSA-167238,0.0051424852770287546
460,R-HSA-1296041,0.005141376939645852
733,hsa.mir.3170,0.00513559546581746
573,R-HSA-196299,0.0051148107672634065
305,R-HSA-2559580,0.005107570309046423
463,R-HSA-1236978,0.005089008276263485
159,R-HSA-5696394,0.005065875036734724
100,R-HSA-2424491,0.005064334748603869
953,hsa.mir.5684,0.005058655833563535
194,R-HSA-167243,0.005015700787907917
414,R-HSA-418457,0.005002443646772008
263,R-HSA-1660514,0.004996678548886848
438,R-HSA-2871796,0.004990071920328774
518,R-HSA-1538133,0.004978450718626845
169,R-HSA-5676590,0.004973283356739557
155,R-HSA-264642,0.004970575539118727
892,hsa.mir.4777,0.004958054556045682
493,R-HSA-68962,0.004940756255527958
202,R-HSA-72165,0.004932721960517483
528,R-HSA-5673000,0.0049292816472006964
754,hsa.mir.328,0.004918161105615581
110,R-HSA-4420097,0.004910046304939897
102,R-HSA-373753,0.00489732833695598
256,R-HSA-5357956,0.004879705858529633
555,R-HSA-69298,0.004874834469228517
131,R-HSA-1483166,0.004852974396962964
258,R-HSA-5669034,0.004852257747006661
866,hsa.mir.4674,0.004836372104327893
761,hsa.mir.33b,0.004782337544747861
195,R-HSA-167246,0.0047708425947348585
686,hsa.mir.2116,0.004768754287870252
64,R-HSA-5654727,0.004766639827976178
760,hsa.mir.33a,0.004761860642101965
109,R-HSA-399956,0.004732576159949531
631,hsa.mir.1306,0.004684596362931188
280,R-HSA-163615,0.004665234498097561
227,R-HSA-2644606,0.00462920516543818
46,R-HSA-1268020,0.004600763896014541
541,R-HSA-392851,0.004576903240231332
340,R-HSA-211935,0.004573007608851185
418,R-HSA-381426,0.0045548540393065195
486,R-HSA-110320,0.004548074365593493
540,R-HSA-428930,0.004531930636730976
497,R-HSA-1799339,0.004513573594595073
515,R-HSA-113510,0.004492671018961118
553,R-HSA-70221,0.0044655774430430025
224,R-HSA-195253,0.004456735222338466
137,R-HSA-983231,0.004426846710557584
352,R-HSA-3000171,0.004421200785582186
534,R-HSA-5218920,0.004330907953553833
81,R-HSA-3928663,0.004328222661861218
666,hsa.mir.191,0.004313129166039289
436,R-HSA-383280,0.0043062782697961665
839,hsa.mir.4501,0.004289416908432031
1048,hsa.mir.6820,0.004264507926782244
48,R-HSA-5693554,0.004216774289343448
173,R-HSA-73762,0.004212103859463241
0,R-HSA-1989781,0.004209467800683342
310,R-HSA-1660662,0.0042065271387400575
434,R-HSA-2151201,0.004201392820541514
306,R-HSA-2559585,0.004185123401839519
537,R-HSA-202427,0.0041831933063258475
201,R-HSA-72086,0.0041819323290837925
139,R-HSA-2022928,0.004174933296890231
386,R-HSA-5655302,0.004172591058231773
366,R-HSA-5362517,0.004168929635052336
164,R-HSA-203927,0.00416806877736235
984,hsa.mir.628,0.004161888758335408
286,R-HSA-193807,0.004159051582391839
12,R-HSA-5620912,0.004154919181237346
473,R-HSA-68949,0.00414233275454535
189,R-HSA-167162,0.004140116606613446
496,R-HSA-156902,0.004134580739373632
255,R-HSA-5357905,0.004125928092980758
539,R-HSA-391160,0.004119773779384559
440,R-HSA-3295583,0.004084783751459327
184,R-HSA-113418,0.004082124661981652
678,hsa.mir.205,0.004064943517159918
694,hsa.mir.23b,0.004051660921722941
864,hsa.mir.4668,0.004044646220936556
10,R-HSA-442982,0.004040352321353567
775,hsa.mir.3653,0.004040110229616403
325,R-HSA-5663220,0.0040393375291023405
210,R-HSA-162588,0.004033430799445341
842,hsa.mir.452,0.004032799693336528
26,R-HSA-381038,0.004026224959379761
617,hsa.mir.1269a,0.00402608420319666
150,R-HSA-3214841,0.004018706011047471
522,R-HSA-190861,0.004010838323902135
481,R-HSA-5627117,0.004005238363279204
943,hsa.mir.550a.1,0.004002414773749479
344,R-HSA-5368286,0.003998937430442311
161,R-HSA-165054,0.00397622991444905
388,R-HSA-210745,0.0039649295958224685
505,R-HSA-1839117,0.003962908097455511
254,R-HSA-168638,0.003954900109529262
709,hsa.mir.3074,0.0039453864401366445
69,R-HSA-5250924,0.00394165505284036
191,R-HSA-167200,0.003906655872124247
962,hsa.mir.570,0.0039053690891341832
849,hsa.mir.4636,0.0038940033333346945
960,hsa.mir.5698,0.003876219357771333
533,R-HSA-420092,0.003865529782488011
33,R-HSA-210991,0.0038557387544278753
382,R-HSA-5654710,0.003855413224955555
416,R-HSA-1660499,0.0038460623247374313
879,hsa.mir.4742,0.003837912127282834
856,hsa.mir.4649,0.0038212870902498254
492,R-HSA-5696400,0.0038128972298000006
332,R-HSA-4420332,0.003805246527917916
249,R-HSA-4085001,0.0037961118640669157
53,R-HSA-2172127,0.0037755008108342736
1092,hsa.mir.939,0.0037671001967100894
103,R-HSA-375165,0.0037409243155434526
321,R-HSA-5694530,0.003728281768999295
405,R-HSA-5625886,0.00372004781558644
523,R-HSA-380320,0.0037124345299162087
1069,hsa.mir.7155,0.0036834858014481143
952,hsa.mir.5683,0.0036726938585343303
7,R-HSA-380270,0.0036661767384794076
609,hsa.mir.1249,0.003658525519713294
1096,hsa.mir.99b,0.00364452829126094
450,R-HSA-4615885,0.003632598152034916
641,hsa.mir.146b,0.0036259943638287952
499,R-HSA-72764,0.0036208142421673985
129,R-HSA-1482839,0.0036171108255075523
529,R-HSA-446652,0.0036170905849940028
1013,hsa.mir.6726,0.003612832128419541
811,hsa.mir.3940,0.003604478138149716
1065,hsa.mir.6892,0.003564776428684127
903,hsa.mir.484,0.0035587575001613915
568,R-HSA-5576886,0.003556344575208641
240,R-HSA-400206,0.003550829968880862
317,R-HSA-3371571,0.0035456774763588327
70,R-HSA-380994,0.0035427962307585403
500,R-HSA-198753,0.003542498371534748
54,R-HSA-429947,0.0035332811803164077
488,R-HSA-5655862,0.003514520487697155
485,R-HSA-110312,0.003511232331766223
28,R-HSA-917977,0.003497679663996678
525,R-HSA-389960,0.0034921162982209353
635,hsa.mir.135b,0.003486522614889509
1038,hsa.mir.6798,0.0034807188453851268
181,R-HSA-76066,0.003478324607203831
252,R-HSA-2408557,0.003459783956059255
179,R-HSA-749476,0.003452746329276124
1051,hsa.mir.6837,0.003449728330615471
766,hsa.mir.3605,0.0034097701565769965
409,R-HSA-171306,0.00340349118649101
645,hsa.mir.150,0.003395978047819881
1071,hsa.mir.744,0.003389053320934181
453,R-HSA-392451,0.003388522779878258
643,hsa.mir.148b,0.0033702274109236896
47,R-HSA-5685942,0.0033650906590628436
17,R-HSA-422356,0.003364724687999114
360,R-HSA-156827,0.0033431865100283175
272,R-HSA-3238698,0.003325889096886385
566,R-HSA-428540,0.0033256561425514517
671,hsa.mir.196a.1,0.003320026086321377
978,hsa.mir.6125,0.003319320161972428
484,R-HSA-5625900,0.0033116660426821907
126,R-HSA-5674135,0.003287325474557292
115,R-HSA-202040,0.0032826925854897125
489,R-HSA-5656121,0.0032750829511314803
973,hsa.mir.592,0.0032613133170525544
87,R-HSA-5693565,0.0032587789653916845
1073,hsa.mir.765,0.003250124449405121
689,hsa.mir.219a.1,0.0032442583961528725
940,hsa.mir.548o,0.0032276052451925353
425,R-HSA-3000178,0.0032120117273552753
475,R-HSA-69229,0.0032113266240048686
946,hsa.mir.551b,0.003206469962619849
830,hsa.mir.4453,0.0032004734393558465
919,hsa.mir.504,0.003199643905780931
520,R-HSA-5674400,0.003198141824286722
307,R-HSA-5687128,0.0031938886812713464
673,hsa.mir.197,0.003192298608478268
371,R-HSA-5654687,0.0031776609731605275
116,R-HSA-392170,0.003162154324236326
205,R-HSA-73779,0.0031343839968576504
612,hsa.mir.1254.1,0.0031341153520588706
25,R-HSA-1222556,0.003133269917598227
675,hsa.mir.202,0.003120914727987838
241,R-HSA-1181150,0.003114924707915634
160,R-HSA-5696395,0.003110483845230192
833,hsa.mir.4484,0.003103863621108758
1043,hsa.mir.6808,0.003096234899276169
893,hsa.mir.4781,0.0030927320917135148
575,R-HSA-1251985,0.003083797589788446
157,R-HSA-432722,0.003080558443798509
392,R-HSA-420499,0.00307750580686843
598,hsa.mir.1185.2,0.003070565973430348
72,R-HSA-450513,0.0030705420624144606
373,R-HSA-5654689,0.0030267711378473903
315,R-HSA-5576894,0.0030165466076687154
559,R-HSA-186797,0.0030142385204089805
831,hsa.mir.4469,0.002998105473816395
939,hsa.mir.548k,0.0029879987250751583
535,R-HSA-446193,0.002981703019604538
339,R-HSA-211981,0.0029760619426087943
996,hsa.mir.6509,0.002974802273238311
362,R-HSA-72689,0.002974510860294686
816,hsa.mir.421,0.0029579203743924152
900,hsa.mir.4795,0.0029525008564814923
781,hsa.mir.3677,0.00294652968911123
462,R-HSA-5675221,0.002946459131926531
933,hsa.mir.548au,0.0029371784913018928
951,hsa.mir.559,0.0029339156527930753
401,R-HSA-2299718,0.0029299126210935358
862,hsa.mir.4664,0.0029279639180458616
90,R-HSA-2173791,0.002924342644473654
314,R-HSA-5576892,0.0029227688990795288
626,hsa.mir.1292,0.002919233955035452
407,R-HSA-977225,0.00291723362824996
76,R-HSA-5334118,0.0029164008985389954
987,hsa.mir.639,0.002913070012582466
1080,hsa.mir.877,0.0029128544024570146
682,hsa.mir.210,0.002912449330724485
445,R-HSA-445144,0.002895901565643726
35,R-HSA-176187,0.0028591250184990713
932,hsa.mir.548at,0.002854072646368877
343,R-HSA-982772,0.002850512283766875
443,R-HSA-2979096,0.002835295691547799
284,R-HSA-379716,0.002809506259036425
894,hsa.mir.4782,0.002808841513469815
921,hsa.mir.509.1,0.0028064060454926223
73,R-HSA-450604,0.002805040056919097
232,R-HSA-5610780,0.0028045853899720894
550,R-HSA-372708,0.002800942832036526
477,R-HSA-69601,0.0028001687533105724
724,hsa.mir.3143,0.0027878926887751733
13,R-HSA-5673001,0.002784948593034642
154,R-HSA-212676,0.002783407835231628
614,hsa.mir.1258,0.0027770652183426135
490,R-HSA-5656169,0.002765613016381394
917,hsa.mir.5010,0.0027639220186665625
34,R-HSA-1912420,0.0027610703285608908
449,R-HSA-4570464,0.0027465130746350042
220,R-HSA-1170546,0.0027436325528833547
872,hsa.mir.4724,0.002739635200205157
795,hsa.mir.376c,0.002736454442056129
785,hsa.mir.3682,0.002734709172927978
589,hsa.mir.103a.2,0.002724093535798602
562,R-HSA-1234176,0.002720934734825278
1061,hsa.mir.6879,0.0027189531729345617
273,R-HSA-373080,0.002715089946432272
187,R-HSA-167160,0.0027146652207011355
975,hsa.mir.598,0.002714325803826796
233,R-HSA-5610783,0.0026972562577429926
147,R-HSA-5362768,0.002689922153367661
767,hsa.mir.3607,0.002689532923068327
113,R-HSA-416482,0.0026782738605106715
977,hsa.mir.605,0.002677038002370864
357,R-HSA-1250196,0.0026739160220313352
56,R-HSA-198933,0.002667552313669148
863,hsa.mir.4665,0.0026626154156110717
738,hsa.mir.3187,0.0026561185932223452
364,R-HSA-72702,0.0026531076113315067
458,R-HSA-432142,0.002652939708059421
909,hsa.mir.496,0.0026399683370163986
588,hsa.mir.103a.1,0.0026378351722087245
706,hsa.mir.301b,0.0026372314880762104
275,R-HSA-4641262,0.002635812224871188
705,hsa.mir.301a,0.002632992883627594
988,hsa.mir.641,0.0026123718392045705
291,R-HSA-174084,0.0026110916166362584
349,R-HSA-1461957,0.0026089481906819856
902,hsa.mir.4802,0.002602251283606165
567,R-HSA-416700,0.0026014186225802403
707,hsa.mir.3064,0.0025985349146503724
662,hsa.mir.188,0.0025878532640854247
420,R-HSA-912694,0.0025832732271010173
667,hsa.mir.1910,0.0025788676440060953
887,hsa.mir.4763,0.0025750964536564425
572,R-HSA-3000480,0.0025621844515990233
758,hsa.mir.338,0.002561312010366237
578,R-HSA-5358749,0.0025570283938782267
302,R-HSA-6807878,0.002555331354669761
652,hsa.mir.155,0.002543000079822377
167,R-HSA-392517,0.002542848796256294
78,R-HSA-2559586,0.0025404759105003903
701,hsa.mir.299,0.002538314001649269
882,hsa.mir.4746,0.002519343318344909
740,hsa.mir.3190,0.0025049771678459366
55,R-HSA-5617472,0.002502366223025092
301,R-HSA-445095,0.002494108157698065
820,hsa.mir.4326,0.0024900173402784276
439,R-HSA-450321,0.0024778690458151687
1094,hsa.mir.944,0.002467264427632472
31,R-HSA-5578775,0.002462703547644196
974,hsa.mir.597,0.0024454050429631026
1001,hsa.mir.6513,0.0024331270196125843
442,R-HSA-2691232,0.0024292398841134853
182,R-HSA-76071,0.0024242553157819203
298,R-HSA-176412,0.002423768441367429
369,R-HSA-5654219,0.0024221490761556197
834,hsa.mir.4491,0.002420250090835907
926,hsa.mir.5092,0.002418806360074086
807,hsa.mir.3926.1,0.002416307553212391
165,R-HSA-5578749,0.002415616038633743
67,R-HSA-912631,0.002412018644536147
491,R-HSA-5696397,0.002403725608855325
125,R-HSA-5626467,0.002394307044960442
967,hsa.mir.577,0.0023928545484886853
668,hsa.mir.1914,0.0023891760568949395
955,hsa.mir.5687,0.0023873582831515703
303,R-HSA-445355,0.002381474034846178
281,R-HSA-164378,0.002373806306422921
437,R-HSA-5205685,0.0023725307121640073
809,hsa.mir.3928,0.002370907624135725
796,hsa.mir.377,0.0023621891915354353
690,hsa.mir.224,0.002357919809642226
972,hsa.mir.585,0.002352897602613666
264,R-HSA-1660516,0.002347870086086914
190,R-HSA-167172,0.00234763045598811
806,hsa.mir.3922,0.002342010233696783
248,R-HSA-2022854,0.002341381613223348
86,R-HSA-6782210,0.002341011912767499
560,R-HSA-3299685,0.002337850062249345
506,R-HSA-186763,0.0023300789577842805
219,R-HSA-193648,0.0023206240469335173
513,R-HSA-2024096,0.0023160744680353674
112,R-HSA-75892,0.002313393488766451
653,hsa.mir.15a,0.002310562315688003
355,R-HSA-1566948,0.0023072159122421
351,R-HSA-196757,0.0022863781324849695
752,hsa.mir.324,0.0022796028144682623
1026,hsa.mir.6761,0.00227723011525228
16,R-HSA-389977,0.0022688619035125157
859,hsa.mir.4658,0.0022598593395377975
615,hsa.mir.126,0.0022536239755572753
787,hsa.mir.369,0.002248243417707272
404,R-HSA-427359,0.0022473263867868807
1089,hsa.mir.934,0.002234684467111947
365,R-HSA-72706,0.002228600239177467
669,hsa.mir.193b,0.0022184948968970277
735,hsa.mir.3174,0.0022134409757927644
718,hsa.mir.3127,0.002212865290493937
826,hsa.mir.4443,0.0021978858698275872
441,R-HSA-2122948,0.002192326550657526
810,hsa.mir.3934,0.002184013567311922
1016,hsa.mir.6731,0.0021775450388668103
101,R-HSA-2730905,0.002156965103276889
597,hsa.mir.1181,0.002151890294153418
59,R-HSA-611105,0.0021503695781575514
206,R-HSA-75953,0.0021442759416549963
267,R-HSA-3772470,0.0021419984731983277
610,hsa.mir.1250,0.0021417843712333707
632,hsa.mir.1307,0.0021267858276041805
620,hsa.mir.1271,0.002124309686532797
1024,hsa.mir.6755,0.0021124513852555536
696,hsa.mir.24.2,0.002106531806057319
828,hsa.mir.4444.2,0.002104722518838571
607,hsa.mir.1245a,0.002091194695676677
1064,hsa.mir.6888,0.0020841420161013956
188,R-HSA-167161,0.00208262078500411
659,hsa.mir.184,0.0020811325742761256
1077,hsa.mir.7845,0.0020724860826157963
308,R-HSA-1368082,0.002070199534209678
704,hsa.mir.29c,0.002069251642606105
929,hsa.mir.542,0.0020664379030495184
672,hsa.mir.196a.2,0.0020605468304711392
130,R-HSA-1482925,0.002049007187706593
594,hsa.mir.10a,0.00204512379848893
1040,hsa.mir.6803,0.002042671022682043
170,R-HSA-3214815,0.002042513537642208
924,hsa.mir.5090,0.002032280338316923
75,R-HSA-3214858,0.0020291025369078854
71,R-HSA-450385,0.002028989094833378
982,hsa.mir.624,0.002028905328986639
918,hsa.mir.503,0.002022576929666684
377,R-HSA-5654700,0.0020212343510911525
605,hsa.mir.1237,0.00201767416408984
734,hsa.mir.3173,0.002014557122638507
959,hsa.mir.5696,0.0020105912114195233
563,R-HSA-156590,0.002009432504273718
983,hsa.mir.627,0.001998720314422826
922,hsa.mir.509.2,0.0019969065557779685
511,R-HSA-937041,0.0019925048115510434
910,hsa.mir.497,0.0019899293753769596
584,hsa.let.7g,0.0019707256030812915
803,hsa.mir.3913.2,0.001969553000089945
279,R-HSA-163359,0.001959562954143621
957,hsa.mir.5694,0.001959481994908856
792,hsa.mir.376a.1,0.0019467203194108152
531,R-HSA-432720,0.0019464131035783793
108,R-HSA-399954,0.0019449050625917153
1083,hsa.mir.9.1,0.0019289181941530842
119,R-HSA-4086398,0.0019149855809519067
527,R-HSA-111447,0.001913256884799921
1085,hsa.mir.9.3,0.001910080353009107
655,hsa.mir.16.2,0.0019081715670472477
763,hsa.mir.345,0.0019024605969752883
221,R-HSA-174113,0.0018984310128507787
698,hsa.mir.27a,0.0018979585011402378
908,hsa.mir.495,0.0018840949142941098
634,hsa.mir.1343,0.001882069355542626
193,R-HSA-167242,0.0018791435128514423
827,hsa.mir.4444.1,0.0018781063554069988
961,hsa.mir.5699,0.0018718976975651458
251,R-HSA-606279,0.0018613653782813344
478,R-HSA-180024,0.001859962019661907
431,R-HSA-1236974,0.0018584694956371094
913,hsa.mir.5001,0.0018578074167999148
884,hsa.mir.4753,0.0018546799641626422
508,R-HSA-442660,0.001851112534168351
812,hsa.mir.3944,0.001849883918039268
721,hsa.mir.3130.2,0.0018498815054226725
923,hsa.mir.509.3,0.0018487968989757064
599,hsa.mir.1224,0.0018466799157249624
178,R-HSA-73980,0.001846542990024318
283,R-HSA-389661,0.0018438620878441724
999,hsa.mir.6511b.1,0.0018401632048698957
423,R-HSA-70268,0.0018377787799727229
1009,hsa.mir.660,0.0018343521819315356
852,hsa.mir.4640,0.0018295137123641326
700,hsa.mir.296,0.0018244121554016602
222,R-HSA-180534,0.0018143501971644583
1050,hsa.mir.6833,0.0018129602844419424
1076,hsa.mir.7706,0.0018123019269114594
823,hsa.mir.4424,0.0018116338144136535
654,hsa.mir.16.1,0.001810435878305725
878,hsa.mir.4741,0.0018049929199730741
156,R-HSA-1445148,0.0018029683871282033
841,hsa.mir.450a.2,0.0017931363903062447
120,R-HSA-5610785,0.001790993424510816
134,R-HSA-452723,0.0017737806096789655
950,hsa.mir.5586,0.0017735885029105702
65,R-HSA-5654732,0.0017729511248398922
399,R-HSA-1266695,0.0017697631927876501
380,R-HSA-5654704,0.0017654170271998737
991,hsa.mir.6499,0.0017624723081462435
723,hsa.mir.3140,0.0017622857401329384
244,R-HSA-2173796,0.001754983163482393
1023,hsa.mir.6748,0.001754580642507335
627,hsa.mir.1294,0.001747554271860281
1002,hsa.mir.6514,0.001746694027024205
51,R-HSA-912446,0.0017392032389216183
452,R-HSA-162710,0.001737908294185786
570,R-HSA-140534,0.0017370180294528836
199,R-HSA-5601884,0.0017350682141545803
429,R-HSA-75109,0.001733253051279462
121,R-HSA-5610787,0.0017315716213488486
239,R-HSA-111465,0.0017279003863586695
664,hsa.mir.18b,0.0017202351626110612
871,hsa.mir.4709,0.001714085406201775
375,R-HSA-5654695,0.0017080207403341774
564,R-HSA-975577,0.0016955740620323923
1082,hsa.mir.887,0.001686470833437852
695,hsa.mir.24.1,0.001682572903118853
398,R-HSA-983170,0.001681365697986621
1054,hsa.mir.6854,0.0016522677210832626
565,R-HSA-191273,0.0016502037201962594
601,hsa.mir.1227,0.001648183343349956
980,hsa.mir.616,0.001647749312032829
1084,hsa.mir.9.2,0.0016413517694945767
469,R-HSA-4608870,0.0016354852204676718
817,hsa.mir.424,0.0016284905585962407
372,R-HSA-5654688,0.001615995851061598
592,hsa.mir.106a,0.0016141682499073795
1020,hsa.mir.6740,0.0016122187886503526
969,hsa.mir.580,0.0016108403627731604
1011,hsa.mir.665,0.00161080466268686
751,hsa.mir.320c.2,0.0016096399789603312
587,hsa.mir.101.2,0.0015981301602550958
243,R-HSA-2173795,0.0015971372583908306
348,R-HSA-1461973,0.0015932350550792761
794,hsa.mir.376b,0.001589251594232337
185,R-HSA-167152,0.0015879176546513918
840,hsa.mir.450a.1,0.0015804900096190978
27,R-HSA-77387,0.0015790083546744426
748,hsa.mir.320b.1,0.0015756521963157866
586,hsa.mir.101.1,0.0015736616596950625
677,hsa.mir.204,0.001573328055892489
805,hsa.mir.3920,0.0015518359105772105
89,R-HSA-216083,0.0015490443607268389
660,hsa.mir.185,0.0015455816125086131
990,hsa.mir.643,0.0015435034065285436
912,hsa.mir.5000,0.001540520850867324
415,R-HSA-5218921,0.0015342343499105482
692,hsa.mir.2277,0.0015330145516782067
318,R-HSA-877300,0.0015302063877788896
699,hsa.mir.27b,0.0015273105560117983
149,R-HSA-901032,0.0015159481480077374
874,hsa.mir.4728,0.0015129775298191816
899,hsa.mir.4791,0.0015123792832901018
681,hsa.mir.21,0.0015092674707693733
727,hsa.mir.3152,0.0015078981085389386
1068,hsa.mir.7.1,0.0015028702087147394
782,hsa.mir.3678,0.0014923799346433953
791,hsa.mir.375,0.001485035294226691
107,R-HSA-3928664,0.0014774418491651886
596,hsa.mir.1180,0.0014747642643715153
63,R-HSA-5654726,0.001474712181779978
1015,hsa.mir.6730,0.001473792398464866
212,R-HSA-917729,0.0014736737036946579
850,hsa.mir.4638,0.0014691267937450903
331,R-HSA-3560801,0.0014679941028225584
708,hsa.mir.3065,0.0014679878997048946
204,R-HSA-73776,0.0014638831675074472
726,hsa.mir.3150b,0.0014586041769871372
176,R-HSA-73780,0.0014501127896994603
930,hsa.mir.543,0.0014477949607498886
715,hsa.mir.3117,0.0014452236191027624
670,hsa.mir.195,0.0014409116422575607
948,hsa.mir.5579,0.0014370884763775394
736,hsa.mir.3178,0.0014331233547636656
746,hsa.mir.32,0.001430493485113402
835,hsa.mir.4492,0.0014272166707087308
133,R-HSA-422085,0.0014247858526232448
42,R-HSA-159236,0.0014226008269542945
1072,hsa.mir.760,0.0014186361270549241
665,hsa.mir.190b,0.001416271611742559
663,hsa.mir.18a,0.001413317051010381
114,R-HSA-112043,0.0014091263541195075
869,hsa.mir.4691,0.0014081730857287767
383,R-HSA-5654712,0.0014049593246454606
759,hsa.mir.339,0.001399391994364123
558,R-HSA-77595,0.0013978697231686965
1007,hsa.mir.656,0.0013926021914812737
658,hsa.mir.183,0.0013899934218898125
1088,hsa.mir.93,0.0013791217714788217
886,hsa.mir.4762,0.0013767384199036314
1006,hsa.mir.655,0.0013713492088209022
402,R-HSA-3214842,0.001371080653043464
1025,hsa.mir.676,0.0013691328346612864
1049,hsa.mir.6822,0.0013663945742882788
581,hsa.let.7d,0.0013596543071435008
218,R-HSA-380972,0.001358093388043926
808,hsa.mir.3926.2,0.001353153756899701
140,R-HSA-6799198,0.0013530940408963943
762,hsa.mir.342,0.0013506223262356799
606,hsa.mir.1243,0.0013461585412733257
341,R-HSA-211976,0.0013316313743416686
367,R-HSA-109704,0.0013239288811382722
138,R-HSA-2028269,0.0013091676789736084
744,hsa.mir.3199.1,0.0013069469383276556
628,hsa.mir.1295a,0.0013058125301358813
378,R-HSA-5655253,0.0012982669378288846
2,R-HSA-975298,0.0012970585230505094
297,R-HSA-176409,0.001283226423583983
925,hsa.mir.5091,0.0012828804040509567
845,hsa.mir.4529,0.0012811293033882975
824,hsa.mir.4434,0.001276819880158655
889,hsa.mir.4768,0.0012765341614431236
697,hsa.mir.26a.2,0.0012764769894147321
593,hsa.mir.106b,0.0012756163928861496
45,R-HSA-375170,0.0012709856934952767
656,hsa.mir.17,0.0012611450292388327
498,R-HSA-192823,0.0012580349819472758
774,hsa.mir.3651,0.0012537875477664784
630,hsa.mir.1304,0.001249572059041384
1041,hsa.mir.6806,0.0012457749713212251
644,hsa.mir.149,0.0012436105310507629
168,R-HSA-5607761,0.001242511532448134
104,R-HSA-389357,0.0012414839674602263
639,hsa.mir.1468,0.0012363755376554764
800,hsa.mir.3910.2,0.0012349854577041698
1070,hsa.mir.7156,0.0012093576405004568
335,R-HSA-140875,0.0012066769067314454
461,R-HSA-997272,0.0012058538985797896
1029,hsa.mir.6764,0.0012057288174946734
650,hsa.mir.1537,0.0012034925887428472
857,hsa.mir.4652,0.0012006887134339195
753,hsa.mir.326,0.0012003002575397658
881,hsa.mir.4745,0.0011993932569748721
771,hsa.mir.3616,0.0011990708456505671
799,hsa.mir.3910.1,0.0011986848252126946
622,hsa.mir.1278,0.001196589985047467
551,R-HSA-450302,0.0011958655009948415
158,R-HSA-110314,0.0011951891250100743
285,R-HSA-5365859,0.0011942901064321632
1074,hsa.mir.767,0.0011925805677310563
897,hsa.mir.4787,0.0011897442554015924
970,hsa.mir.581,0.00118697169549705
847,hsa.mir.454,0.0011845811940929707
867,hsa.mir.4684,0.0011827237386023625
1044,hsa.mir.6812,0.0011791905443533325
83,R-HSA-6781823,0.0011786937880970071
1004,hsa.mir.6516,0.0011688853420218947
356,R-HSA-264876,0.0011588992301403778
487,R-HSA-5651801,0.0011539363747579046
784,hsa.mir.3680.2,0.0011490486801267253
319,R-HSA-1650814,0.0011466208536876365
480,R-HSA-5625740,0.0011419860805835923
1059,hsa.mir.6877,0.0011408470713490716
976,hsa.mir.600,0.0011372025398304687
1087,hsa.mir.92a.2,0.001132871557601902
585,hsa.mir.100,0.001132204722489405
1093,hsa.mir.940,0.0011300767001830537
9,R-HSA-442729,0.0011288401851561503
722,hsa.mir.3136,0.001126035924989992
236,R-HSA-1810476,0.0011225347162690013
1021,hsa.mir.6741,0.001120080146647524
557,R-HSA-71403,0.0011171075985157587
625,hsa.mir.1291,0.0011124031986400951
84,R-HSA-6781827,0.0011117041994293687
765,hsa.mir.34a,0.0011111594306203187
613,hsa.mir.1254.2,0.0011076488188336952
994,hsa.mir.6507,0.00110409967306623
457,R-HSA-418592,0.0011029621110401422
1067,hsa.mir.6895,0.0010994597490571322
177,R-HSA-73863,0.0010988911106505838
1035,hsa.mir.6788,0.0010983276333718095
163,R-HSA-180746,0.0010975922361103586
1086,hsa.mir.92a.1,0.0010858418600764707
711,hsa.mir.30b,0.0010852736813831143
23,R-HSA-917937,0.0010850333531470823
203,R-HSA-72203,0.0010844602872020915
815,hsa.mir.412,0.0010805479765986093
171,R-HSA-1834949,0.0010779768441716443
965,hsa.mir.574,0.0010756880421104143
714,hsa.mir.31,0.001074416551618924
843,hsa.mir.4522,0.0010701044316465413
741,hsa.mir.3191,0.0010622962976231066
1045,hsa.mir.6813,0.0010598792374366893
106,R-HSA-3928662,0.0010590337170651764
29,R-HSA-983712,0.001055025324694725
406,R-HSA-73728,0.001054751095634856
18,R-HSA-194223,0.0010538348994487024
927,hsa.mir.511,0.0010469317079878238
1066,hsa.mir.6894,0.0010467674757819623
422,R-HSA-70614,0.0010393772373390674
629,hsa.mir.1301,0.0010305698315460176
691,hsa.mir.2276,0.001029427595967718
683,hsa.mir.2110,0.0010239354221266695
938,hsa.mir.548j,0.0010181026594364084
813,hsa.mir.410,0.0010118250672985596
742,hsa.mir.3193,0.0010076487031619762
277,R-HSA-70895,0.0009997759541693085
848,hsa.mir.455,0.0009868283039259041
1039,hsa.mir.6802,0.0009848781929576943
911,hsa.mir.4999,0.0009789759648424479
905,hsa.mir.487a,0.000978037630820836
4,R-HSA-1442490,0.0009702316935363342
901,hsa.mir.4797,0.000964473117455782
428,R-HSA-192456,0.0009592248568333162
400,R-HSA-201722,0.000958079828251357
1081,hsa.mir.885,0.0009554344910429791
618,hsa.mir.1269b,0.0009512842855656344
483,R-HSA-416572,0.000950246297470585
993,hsa.mir.6506,0.0009475347447732929
818,hsa.mir.425,0.0009449880103602482
642,hsa.mir.147b,0.0009440227244067501
419,R-HSA-205043,0.0009305768793819879
846,hsa.mir.4536.2,0.0009253561779041775
397,R-HSA-3371453,0.000925219642213051
713,hsa.mir.30c.2,0.000918359363977288
616,hsa.mir.1262,0.0009160663850161654
968,hsa.mir.579,0.0009156284784148738
296,R-HSA-176408,0.0009138115040332195
971,hsa.mir.582,0.0009084982218672622
875,hsa.mir.4733,0.0009074641636152591
720,hsa.mir.3130.1,0.0009069075762181456
829,hsa.mir.4446,0.0009031783830573659
885,hsa.mir.4759,0.0008974132890671171
261,R-HSA-913709,0.0008918692241604731
963,hsa.mir.5703,0.0008726962350192479
693,hsa.mir.2355,0.0008694577111339186
602,hsa.mir.1228,0.0008667280213467166
995,hsa.mir.6508,0.0008620234006139071
359,R-HSA-1169408,0.0008614837936056574
814,hsa.mir.411,0.0008604102381377743
907,hsa.mir.494,0.0008588813287497033
868,hsa.mir.4690,0.0008584935671387939
408,R-HSA-1221632,0.0008547615185921132
603,hsa.mir.1229,0.0008535689664859092
891,hsa.mir.4775,0.0008478928777913097
637,hsa.mir.142,0.0008405092458542641
384,R-HSA-5654719,0.0008398664552441915
207,R-HSA-75955,0.0008383304040035
482,R-HSA-5627123,0.000835069933309569
942,hsa.mir.548s,0.0008264749282670892
260,R-HSA-5676594,0.0008210171660721244
274,R-HSA-4086400,0.0008183793041462195
1058,hsa.mir.6874,0.0008136133130028611
687,hsa.mir.215,0.0008131654083399553
870,hsa.mir.4707,0.0008127808058452502
77,R-HSA-2559584,0.0008059150398821658
1017,hsa.mir.6733,0.0008021630930670654
99,R-HSA-2219530,0.0007988153787846386
640,hsa.mir.146a,0.0007971747660258188
712,hsa.mir.30c.1,0.0007879529749806125
1028,hsa.mir.6763,0.0007841222154092975
732,hsa.mir.3158.2,0.0007639549688792613
876,hsa.mir.4738,0.0007636740741145332
716,hsa.mir.3124,0.0007615909918604302
851,hsa.mir.4639,0.0007601373484067153
755,hsa.mir.329.2,0.0007563577421456102
536,R-HSA-75105,0.0007556869682230172
374,R-HSA-5654693,0.0007498048795969225
883,hsa.mir.4749,0.0007392269362753723
661,hsa.mir.187,0.0007363752202036267
730,hsa.mir.3157,0.0007339722043616348
877,hsa.mir.4740,0.0007312832702882588
853,hsa.mir.4645,0.0007291714827260875
231,R-HSA-5607764,0.0007291635570049948
769,hsa.mir.3614,0.0007258946776209996
651,hsa.mir.154,0.0007254446988736163
836,hsa.mir.449a,0.0007220050920170707
855,hsa.mir.4647,0.0007207052495868993
300,R-HSA-2559582,0.00071878237031342
62,R-HSA-182971,0.0007128047486548894
916,hsa.mir.500b,0.0007066325544661822
379,R-HSA-5654228,0.0007042866508709266
986,hsa.mir.636,0.0006993095334655664
646,hsa.mir.151b,0.0006970300498142023
956,hsa.mir.5691,0.0006951552664941119
1030,hsa.mir.6766,0.0006921996086384752
749,hsa.mir.320b.2,0.0006908818578540377
61,R-HSA-1433559,0.0006835560905665262
790,hsa.mir.374c,0.0006824756034893653
40,R-HSA-69473,0.0006804643380382914
688,hsa.mir.218.2,0.000678333067226049
757,hsa.mir.337,0.0006779144382608138
41,R-HSA-109688,0.0006682551053381758
958,hsa.mir.5695,0.0006680017062731736
768,hsa.mir.3610,0.0006668315845399775
1018,hsa.mir.6734,0.000660016459542021
611,hsa.mir.1251,0.0006596524219276035
773,hsa.mir.3650,0.0006540434155613184
935,hsa.mir.548b,0.0006521414947883386
1000,hsa.mir.6511b.2,0.000650743724545464
1022,hsa.mir.6747,0.0006466055291821248
376,R-HSA-5654699,0.0006456075134201456
354,R-HSA-5620924,0.000642874371533253
1047,hsa.mir.6818,0.0006410419477106188
459,R-HSA-1296072,0.0006351702559582861
1063,hsa.mir.6887,0.0006323414691723884
1031,hsa.mir.6774,0.0006323275486829516
770,hsa.mir.3615,0.0006320041674734967
466,R-HSA-349425,0.0006318114508394501
743,hsa.mir.3194,0.0006305442783559556
832,hsa.mir.4470,0.0006260764754915726
370,R-HSA-5654221,0.0006217234762152657
238,R-HSA-933542,0.000616158135430851
998,hsa.mir.6510,0.0006143486573455448
619,hsa.mir.1270,0.0006120278853040872
638,hsa.mir.145,0.000604142522552138
778,hsa.mir.365b,0.000603144133153819
521,R-HSA-190840,0.0006017649369641731
1053,hsa.mir.6852,0.0006008469943208183
745,hsa.mir.3199.2,0.00059631358299157
1010,hsa.mir.664a,0.0005928625959950296
649,hsa.mir.153.2,0.0005921043810940319
292,R-HSA-174154,0.0005899175949889468
789,hsa.mir.374b,0.0005836489730063477
873,hsa.mir.4727,0.0005825609601015458
772,hsa.mir.363,0.0005815833931876568
135,R-HSA-975634,0.0005808331825755885
944,hsa.mir.550a.2,0.000579980244476701
1019,hsa.mir.6737,0.0005784596639568918
783,hsa.mir.3680.1,0.0005774861117697583
122,R-HSA-5632684,0.0005764936714695068
465,R-HSA-211733,0.0005728630104340482
802,hsa.mir.3913.1,0.000569626915189474
788,hsa.mir.3690.1,0.000564033151968033
1042,hsa.mir.6807,0.0005564499313186388
797,hsa.mir.379,0.0005561216542429293
391,R-HSA-532668,0.0005548371824352216
577,R-HSA-5358747,0.0005509216977770848
1090,hsa.mir.935,0.0005477360616760052
1095,hsa.mir.96,0.000543369535871534
804,hsa.mir.3917,0.0005373800149482122
504,R-HSA-381771,0.0005347309475973816
186,R-HSA-167158,0.0005316577236044395
604,hsa.mir.1236,0.000527464744518511
764,hsa.mir.346,0.0005273177113122074
1075,hsa.mir.7705,0.0005261630471113676
729,hsa.mir.3155a,0.0005243422696366906
904,hsa.mir.485,0.0005191239068312825
966,hsa.mir.576,0.0005121490371755044
172,R-HSA-427413,0.0005100230250047843
819,hsa.mir.4286,0.0005095476156566293
368,R-HSA-2033519,0.0005044267036828387
702,hsa.mir.29b.1,0.0004984650659139334
1027,hsa.mir.6762,0.0004963841472999774
890,hsa.mir.4772,0.0004940721662751457
837,hsa.mir.449b,0.0004929712319426471
979,hsa.mir.615,0.0004902245564289842
579,R-HSA-5358751,0.000490152883742212
583,hsa.let.7f.2,0.0004899372611231456
888,hsa.mir.4766,0.0004887564965974888
997,hsa.mir.651,0.000485223091154694
710,hsa.mir.30a,0.00048212875944500413
674,hsa.mir.19a,0.0004813400887968555
825,hsa.mir.4442,0.00046914188195160025
1032,hsa.mir.6777,0.00046872262181750556
502,R-HSA-168928,0.0004626379934256875
934,hsa.mir.548aw,0.0004534138396320486
941,hsa.mir.548q,0.00043791218431579184
801,hsa.mir.3912,0.00043778984195341764
860,hsa.mir.4660,0.00043550497842261395
981,hsa.mir.618,0.00043297656838149124
545,R-HSA-1963640,0.00042665578809192084
737,hsa.mir.3183,0.0004069262975826859
676,hsa.mir.203b,0.0004062738289076151
403,R-HSA-3247509,0.0004046981736428279
685,hsa.mir.2115,0.0004032067660500616
928,hsa.mir.5187,0.000391450948873171
1091,hsa.mir.937,0.00038994516470665987
947,hsa.mir.556,0.0003891605794342468
600,hsa.mir.1226,0.0003867845049853713
648,hsa.mir.153.1,0.0003857514191611244
32,R-HSA-936837,0.0003827777847436664
1005,hsa.mir.654,0.00037595671894450787
633,hsa.mir.130a,0.00036778532916741823
989,hsa.mir.642a,0.00036570783243860205
896,hsa.mir.4786,0.0003655174459436239
949,hsa.mir.5581,0.0003617805051362666
915,hsa.mir.5008,0.00035807301181193905
590,hsa.mir.105.1,0.0003533644811250269
1079,hsa.mir.8072,0.00035265606834855134
780,hsa.mir.3664,0.00034988954193352126
1062,hsa.mir.6885,0.0003440624306972495
731,hsa.mir.3158.1,0.00034312523079734093
495,R-HSA-159418,0.00034020192841126116
719,hsa.mir.3129,0.0003383165221566742
920,hsa.mir.508,0.0003358690964068956
777,hsa.mir.365a,0.0003346466965922446
337,R-HSA-977606,0.00033452540566941024
287,R-HSA-70171,0.00032408933013698514
786,hsa.mir.3684,0.0003180645023348916
526,R-HSA-5617833,0.0003122938203432568
547,R-HSA-5683826,0.00031161327540758067
530,R-HSA-975110,0.000308557882635796
1078,hsa.mir.7854,0.0003042093299882254
647,hsa.mir.152,0.00030227316893160605
931,hsa.mir.545,0.00030099624493118426
8,R-HSA-438066,0.0002957832569251195
1033,hsa.mir.6783,0.00029474762909558193
82,R-HSA-3928665,0.00029022247195371165
582,hsa.let.7f.1,0.00028857047340352437
914,hsa.mir.5003,0.0002884585777505322
898,hsa.mir.4789,0.00028237061713298317
468,R-HSA-450408,0.00028221858722645267
798,hsa.mir.3909,0.00027948951511461926
725,hsa.mir.3150a,0.00027613441729045006
334,R-HSA-140837,0.00027299036706608605
657,hsa.mir.182,0.0002704080740795689
93,R-HSA-416476,0.0002652174692684639
679,hsa.mir.20a,0.0002641396642593463
739,hsa.mir.3188,0.0002585975711521371
621,hsa.mir.1277,0.00025206203825291597
20,R-HSA-196741,0.000249926616124867
198,R-HSA-168325,0.00023978961053217063
822,hsa.mir.4423,0.0002394077685312368
591,hsa.mir.105.2,0.00023679484308104294
684,hsa.mir.2114,0.0002277228728598857
937,hsa.mir.548e,0.00022406576936077728
361,R-HSA-72649,0.00022091791278398885
838,hsa.mir.449c,0.0002193960575186793
1056,hsa.mir.6860,0.00021924752582890505
66,R-HSA-5654733,0.00021706959989614916
793,hsa.mir.376a.2,0.00020616360161966442
552,R-HSA-156588,0.0002058814837596401
19,R-HSA-382556,0.00020494584561902228
779,hsa.mir.3662,0.0002028481980551078
230,R-HSA-400253,0.0002008576036348586
854,hsa.mir.4646,0.00020052160136401653
776,hsa.mir.3655,0.00019592758545059041
703,hsa.mir.29b.2,0.00019483840913380845
861,hsa.mir.4661,0.0001917312099976698
451,R-HSA-75876,0.000190829576276883
880,hsa.mir.4743,0.00018522009584557965
22,R-HSA-1369062,0.00017975640803683746
162,R-HSA-1655829,0.00017960939319891622
197,R-HSA-167290,0.00017729815122947913
906,hsa.mir.491,0.00017542317551829
728,hsa.mir.3154,0.00017461116309277713
865,hsa.mir.4670,0.00017382614929374542
747,hsa.mir.3200,0.00017101213732985344
381,R-HSA-5654706,0.00016521204767173004
964,hsa.mir.5706,0.00016291848350192596
328,R-HSA-1971475,0.00016078496042155167
546,R-HSA-210993,0.0001596418608460226
358,R-HSA-1963642,0.00015958623798724149
821,hsa.mir.433,0.00015901013412985776
636,hsa.mir.139,0.00015882184818565291
316,R-HSA-399719,0.0001561701801711024
1052,hsa.mir.6842,0.00015440656398368446
80,R-HSA-2682334,0.00015303283721323168
1060,hsa.mir.6878,0.00015145468460104895
1014,hsa.mir.6728,0.00015122997503283386
385,R-HSA-5654720,0.00014896190210038186
945,hsa.mir.550a.3,0.00014578315760942927
454,R-HSA-512988,0.00014443961559209128
936,hsa.mir.548ba,0.00014302463561762123
470,R-HSA-4641257,0.00013762729527798002
96,R-HSA-1227986,0.0001321211817821677
985,hsa.mir.632,0.0001316683010759334
175,R-HSA-73777,0.0001300326571822552
844,hsa.mir.4524a,0.0001293968698792014
1003,hsa.mir.6515,0.00012097982267732732
858,hsa.mir.4657,0.00011598348915811129
1057,hsa.mir.6868,0.00010584381889202631
363,R-HSA-72695,0.00010456809905008413
1012,hsa.mir.6716,0.0001027331092507211
393,R-HSA-416993,9.94476307801051e-05
30,R-HSA-2022377,9.529323146239222e-05
595,hsa.mir.10b,8.044712940431964e-05
245,R-HSA-201451,7.148973722451046e-05
992,hsa.mir.6503,7.123709033976411e-05
1046,hsa.mir.6815,7.030630086774181e-05
427,R-HSA-5620922,6.249558495483143e-05
543,R-HSA-500657,6.081718496488975e-05
954,hsa.mir.5685,5.7985161693068224e-05
1034,hsa.mir.6786,5.247246359431301e-05
608,hsa.mir.1247,4.032694494526368e-05
141,R-HSA-1169091,4.0009043579942724e-05
1055,hsa.mir.6855,3.5194448726088014e-05
750,hsa.mir.320c.1,3.11035322619091e-05
494,R-HSA-2453902,3.020454472448364e-05
216,R-HSA-165159,2.630253549000372e-05
1037,hsa.mir.6797,2.4131000278657665e-05
680,hsa.mir.20b,1.8390104268064535e-05
717,hsa.mir.3126,1.6461147060908844e-05
624,hsa.mir.1288,9.597918090697988e-06
36,R-HSA-5685938,7.582743233598421e-06
623,hsa.mir.1284,6.6902217140807355e-06
24,R-HSA-163210,3.4136011429097836e-06
474,R-HSA-69017,4.7242327326557644e-07
895,hsa.mir.4785,7.350665974570347e-08
